{
  "experiment": "graphmemory_v4_ablation",
  "config": {
    "n_episodes": 100,
    "k": 8,
    "seed_offset": 2000,
    "environment": "MultiHopKeyDoor"
  },
  "learned_params": {
    "theta_store": 0.4619073463432406,
    "theta_novel": 1.0,
    "theta_erich": 0.20836839724983736,
    "theta_surprise": 0.7501232535334428,
    "theta_entity": 0.4359419524709785,
    "theta_temporal": 1.0,
    "theta_decay": 0.6423159009183494,
    "w_graph": 1.1135515329550443,
    "w_embed": 1.636714657108262,
    "w_recency": 1.5169307757497394
  },
  "results": {
    "full": {
      "description": "Learned theta (upper bound)",
      "mean_reward": 0.08666666666666666,
      "std_reward": 0.14694800075893602,
      "mean_tokens": 265.19,
      "mean_memory_size": 1.21,
      "mean_precision": 1.0,
      "degradation": 0.0
    },
    "no_novelty": {
      "description": "theta_novel=0.0 \u2014 novelty feature disabled",
      "mean_reward": 0.0,
      "std_reward": 0.0,
      "mean_tokens": 0,
      "mean_memory_size": 0,
      "mean_precision": 0.0,
      "degradation": 1.0
    },
    "no_surprise": {
      "description": "theta_surprise=0.0 \u2014 surprise feature disabled",
      "mean_reward": 0.07666666666666666,
      "std_reward": 0.14098419489388356,
      "mean_tokens": 254.92,
      "mean_memory_size": 1.08,
      "mean_precision": 1.0,
      "degradation": 0.11538461538461534
    },
    "no_erich": {
      "description": "theta_erich=0.0 \u2014 entity richness feature disabled",
      "mean_reward": 0.07333333333333333,
      "std_reward": 0.13877773329774218,
      "mean_tokens": 249,
      "mean_memory_size": 1,
      "mean_precision": 1.0,
      "degradation": 0.15384615384615374
    },
    "no_decay": {
      "description": "theta_decay=0.0 \u2014 entity temporal decay disabled",
      "mean_reward": 0.06,
      "std_reward": 0.12870763988845638,
      "mean_tokens": 256.06,
      "mean_memory_size": 1.1,
      "mean_precision": 1.0,
      "degradation": 0.30769230769230765
    },
    "no_embed": {
      "description": "w_embed=0.0 \u2014 embedding retrieval disabled",
      "mean_reward": 0.056666666666666664,
      "std_reward": 0.12584172268954563,
      "mean_tokens": 254.16,
      "mean_memory_size": 1.09,
      "mean_precision": 1.0,
      "degradation": 0.3461538461538461
    },
    "no_recency": {
      "description": "w_recency=0.0 \u2014 recency retrieval disabled",
      "mean_reward": 0.06666666666666667,
      "std_reward": 0.1340050420345616,
      "mean_tokens": 259.08,
      "mean_memory_size": 1.08,
      "mean_precision": 1.0,
      "degradation": 0.23076923076923067
    },
    "graph_only": {
      "description": "w_embed=0, w_recency=0, w_graph=2.0 \u2014 graph traversal only",
      "mean_reward": 0.09999999999999999,
      "std_reward": 0.15352206215727943,
      "mean_tokens": 276.14,
      "mean_memory_size": 1.25,
      "mean_precision": 1.0,
      "degradation": -0.15384615384615388
    },
    "v1_equivalent": {
      "description": "V1 defaults: store=0.874, entity=0.946, temporal=0.648, all V3/V4 dims=0",
      "mean_reward": 0.02,
      "std_reward": 0.079561085525314,
      "mean_tokens": 1964,
      "mean_memory_size": 250,
      "mean_precision": 0.23984118804275245,
      "degradation": 0.7692307692307692
    },
    "store_all": {
      "description": "theta_store=0.0, all importance weights=0 \u2014 store every event (no filter)",
      "mean_reward": 0.026666666666666665,
      "std_reward": 0.09088664144809691,
      "mean_tokens": 1964,
      "mean_memory_size": 250,
      "mean_precision": 0.40916210440578615,
      "degradation": 0.6923076923076923
    }
  },
  "elapsed_s": 214.89798879623413
}