{
  "FlatWindow(50)": {
    "mean_recall": 0.125,
    "std_recall": 0.3535533905932738,
    "n_questions": 8
  },
  "GraphMemory+Theta": {
    "mean_recall": 0.125,
    "std_recall": 0.3535533905932738,
    "n_questions": 8
  },
  "GraphMemoryV4": {
    "mean_recall": 0.625,
    "std_recall": 0.5175491695067657,
    "n_questions": 8
  },
  "GraphMemoryV5": {
    "mean_recall": 0.375,
    "std_recall": 0.5175491695067657,
    "n_questions": 8
  },
  "SemanticMemory": {
    "mean_recall": 0.125,
    "std_recall": 0.3535533905932738,
    "n_questions": 8
  },
  "SummaryMemory": {
    "mean_recall": 0.125,
    "std_recall": 0.3535533905932738,
    "n_questions": 8
  },
  "EpisodicSemantic": {
    "mean_recall": 0.125,
    "std_recall": 0.3535533905932738,
    "n_questions": 8
  },
  "HierarchicalMemory": {
    "mean_recall": 0.125,
    "std_recall": 0.3535533905932738,
    "n_questions": 8
  },
  "WorkingMemory(7)": {
    "mean_recall": 0.125,
    "std_recall": 0.3535533905932738,
    "n_questions": 8
  },
  "CausalMemory": {
    "mean_recall": 0.125,
    "std_recall": 0.3535533905932738,
    "n_questions": 8
  },
  "AttentionMemory": {
    "mean_recall": 0.25,
    "std_recall": 0.4629100498862757,
    "n_questions": 8
  }
}