{
  "experiment": "graphmemory_v4_cmaes",
  "config": {
    "n_generations": 5,
    "n_episodes_per_candidate": 20,
    "n_eval_episodes": 30,
    "k": 8,
    "sigma": 0.3,
    "seed": 42
  },
  "v4": {
    "best_theta_normalized": [
      0.4619073463432406,
      1.0,
      0.20836839724983736,
      0.7501232535334428,
      0.4359419524709785,
      1.0,
      0.6423159009183494,
      0.27838788323876107,
      0.4091786642770655,
      0.37923269393743486
    ],
    "best_params": {
      "theta_store": 0.4619073463432406,
      "theta_novel": 1.0,
      "theta_erich": 0.20836839724983736,
      "theta_surprise": 0.7501232535334428,
      "theta_entity": 0.4359419524709785,
      "theta_temporal": 1.0,
      "theta_decay": 0.6423159009183494,
      "w_graph": 1.1135515329550443,
      "w_embed": 1.636714657108262,
      "w_recency": 1.5169307757497394
    },
    "opt_history": [
      {
        "generation": 1,
        "best_fitness": 0.15,
        "mean": [
          0.5260137188110847,
          0.4050805122411114,
          0.33009641726022193,
          0.36671358258765474,
          0.6007728216625875,
          0.7075984078312174,
          0.29702730183469866,
          0.5721782053841801,
          0.5177965257517966,
          0.49218460977182027
        ],
        "sigma": 0.2704180373190525
      },
      {
        "generation": 2,
        "best_fitness": 0.15000000000000002,
        "mean": [
          0.4840022065334597,
          0.7264330446046392,
          0.26822272038438644,
          0.5124625914935867,
          0.49838065938628384,
          0.8752782383557776,
          0.4295421331254203,
          0.43091638237563623,
          0.6209248660953812,
          0.37317579485668156
        ],
        "sigma": 0.2546252307833448
      },
      {
        "generation": 3,
        "best_fitness": 0.15000000000000002,
        "mean": [
          0.4871714600302752,
          0.9206581804385195,
          0.43786840748339473,
          0.6255915786630012,
          0.4862223337549529,
          0.8506152085882721,
          0.46004532253013597,
          0.3915196711751145,
          0.6011965153893521,
          0.36695293532952306
        ],
        "sigma": 0.2405257080083533
      },
      {
        "generation": 4,
        "best_fitness": 0.15000000000000002,
        "mean": [
          0.5650282571724614,
          0.8083302328975114,
          0.5132091597000077,
          0.5798669177735847,
          0.41262634785838653,
          0.7328475758626779,
          0.6686821317919961,
          0.20692432622777274,
          0.7085393836698781,
          0.5822483517937044
        ],
        "sigma": 0.229429091084681
      },
      {
        "generation": 5,
        "best_fitness": 0.15000000000000002,
        "mean": [
          0.6415626715282315,
          0.8450768220986636,
          0.35688628465674427,
          0.533430943678971,
          0.37449893629044073,
          0.5836812690776692,
          0.819705839524285,
          0.3012366788468736,
          0.6544477875151062,
          0.6907878352121355
        ],
        "sigma": 0.2216792178726703
      }
    ],
    "eval": {
      "mean_reward": 0.08888888888888889,
      "std_reward": 0.14740554623801777,
      "mean_precision": 1.0,
      "mean_memory_size": 1.3333333333333333,
      "mean_tokens": 276.9,
      "efficiency": 0.00031985926192475313,
      "n_episodes": 30
    }
  },
  "v1_baseline": {
    "best_theta": [
      0.8966673070056459,
      0.8860087555718537,
      0.8126975566766503
    ],
    "opt_history": [
      {
        "generation": 1,
        "best_fitness": 0.09999999999999999,
        "mean": [
          0.6167193402231833,
          0.8006960752678515,
          0.595382486500764
        ],
        "sigma": 0.28339434323685697
      },
      {
        "generation": 2,
        "best_fitness": 0.13333333333333333,
        "mean": [
          0.9341726755615974,
          0.8286259280142165,
          0.7576801928631008
        ],
        "sigma": 0.30327387214367413
      },
      {
        "generation": 3,
        "best_fitness": 0.13333333333333333,
        "mean": [
          0.7710405469666345,
          0.8651519358889892,
          0.5436306676327253
        ],
        "sigma": 0.26466964880065863
      },
      {
        "generation": 4,
        "best_fitness": 0.13333333333333333,
        "mean": [
          1.0,
          0.8468547694766968,
          0.44119883051595676
        ],
        "sigma": 0.26333082707943595
      },
      {
        "generation": 5,
        "best_fitness": 0.13333333333333333,
        "mean": [
          0.9803927215997607,
          0.7647775286539048,
          0.1289265669230003
        ],
        "sigma": 0.2908699951983622
      }
    ],
    "eval": {
      "mean_reward": 0.05555555555555555,
      "std_reward": 0.12422599874998833,
      "mean_precision": 0.5247563631022277,
      "mean_memory_size": 224.46666666666667,
      "mean_tokens": 1959.1,
      "efficiency": 2.834322511889983e-05,
      "n_episodes": 30
    }
  },
  "elapsed_optimization_s": 275.49501752853394
}