{
  "experiment": "graphmemory_v4_transfer",
  "config": {
    "n_episodes": 100,
    "k": 8,
    "seed": 42,
    "in_distribution_cmaes": false
  },
  "multihop_v4_params": {
    "theta_store": 0.2930596309748046,
    "theta_novel": 0.9076792231317986,
    "theta_erich": 0.19835951371038626,
    "theta_surprise": 0.7849390987135371,
    "theta_entity": 0.2854533807130707,
    "theta_temporal": 0.2781870244886271,
    "theta_decay": 0.6680303253858517,
    "w_graph": 0.0,
    "w_embed": 1.079209116140441,
    "w_recency": 3.7771729692347
  },
  "matrix": {
    "MultiHop_V4_zeroshot": {
      "MultiHopKeyDoor": {
        "mean_reward": 0.16333333333333333,
        "std_reward": 0.19242092841601288,
        "mean_tokens": 1745.02,
        "mean_memory_size": 9.8,
        "mean_precision": 0.9993339993339994,
        "n_episodes": 100
      },
      "GoalRoom": {
        "mean_reward": 0.69,
        "std_reward": 0.4648231987117317,
        "mean_tokens": 47.29,
        "mean_memory_size": 1.69,
        "mean_precision": null,
        "n_episodes": 100
      },
      "HardKeyDoor": {
        "mean_reward": 0.16,
        "std_reward": 0.18640674544520847,
        "mean_tokens": 1382.13,
        "mean_memory_size": 6.37,
        "mean_precision": null,
        "n_episodes": 100
      },
      "MegaQuestRoom": {
        "mean_reward": 0.0,
        "std_reward": 0.0,
        "mean_tokens": 7907.87,
        "mean_memory_size": 86.09,
        "mean_precision": 0.3263774416099921,
        "n_episodes": 100
      }
    }
  },
  "elapsed_s": 138.90117049217224
}