{
  "experiment": "graphmemory_v4_transfer",
  "config": {
    "n_episodes": 100,
    "k": 8,
    "seed": 42,
    "in_distribution_cmaes": false
  },
  "multihop_v4_params": {
    "theta_store": 0.4619073463432406,
    "theta_novel": 1.0,
    "theta_erich": 0.20836839724983736,
    "theta_surprise": 0.7501232535334428,
    "theta_entity": 0.4359419524709785,
    "theta_temporal": 1.0,
    "theta_decay": 0.6423159009183494,
    "w_graph": 1.1135515329550443,
    "w_embed": 1.636714657108262,
    "w_recency": 1.5169307757497394
  },
  "matrix": {
    "MultiHop_V4_zeroshot": {
      "MultiHopKeyDoor": {
        "mean_reward": 0.08666666666666666,
        "std_reward": 0.14694800075893602,
        "mean_tokens": 265.19,
        "mean_memory_size": 1.21,
        "mean_precision": 1.0,
        "n_episodes": 100
      },
      "GoalRoom": {
        "mean_reward": 0.69,
        "std_reward": 0.4648231987117317,
        "mean_tokens": 47.29,
        "mean_memory_size": 1,
        "mean_precision": null,
        "n_episodes": 100
      },
      "HardKeyDoor": {
        "mean_reward": 0.16999999999999998,
        "std_reward": 0.18037870126433775,
        "mean_tokens": 518.48,
        "mean_memory_size": 2.02,
        "mean_precision": null,
        "n_episodes": 100
      },
      "MegaQuestRoom": {
        "mean_reward": 0.0,
        "std_reward": 0.0,
        "mean_tokens": 7878.2,
        "mean_memory_size": 60.41,
        "mean_precision": 0.999566578157364,
        "n_episodes": 100
      }
    }
  },
  "elapsed_s": 181.67830061912537
}